Firstname,Lastname,Email,DateAdded
,,ds001@ddf.co.at,
,,hello@gethuman.com,
,,info@creativecommons.org,
,,aspinwall57@gmail.com,
,,shahinahamedshuvo@yahoo.com,
,,u002f49b84062e9624b558643030bf3de90c4@sentry.io,
,,business@finixio.com,
,,support@coincorner.com,
,,support@coinmama.com,
,,support@revolut.com,
,,help@paxful.com,
,,hello@finixio.com,
,,hello@finxio.com,
,,amustafa777@gmail.com,
,,alir1272@gmail.com,
,,jimiakinleye@gmail.com,
,,maxemole@yahoo.com,
,,kanepepi7@gmail.com,
,,harry.atkins.content@gmail.com,
,,edithmuthoni18@gmail.com,
,,nicasj10@gmail.com,
,,hello@insidebitcoins.com,
,,0f09577ad2c141a39f90a89445848c0f@sentry.io,
,,jordan@jordantuwiner.com,
,,career@cointelegraph.com,
,,sales@theblockcrypto.com,
,,content@theblockcrypto.com,
,,support@theblockcrypto.com,
,,podcast@theblockcrypto.com,
,,support@hackernoon.com,
,,borckut1964@gmail.com,
,,jr@techcrunch.com,
,,sensorsdata@1.15.1.min.js,
,,9b82019213a143f3b791bb2c32ec34a5@report.binance.gg,
,,cryptography@metzdowd.com,
,,support@apkpure.com,
,,dmca@apkpure.com,
,,fde15d5d14a4462e83d17a8f6d57e114@sentry.io,
,,tfszqyj@pbc.gov.cn,
,,office@paranoid-internet.de,
,,273e8f0d351c4968a24f66fd3d801adf@sentry.io,
,,htc@weipprecht-mobil.de,
,,info@coin-report.net,
,,info@provimedia.de,
,,info@provimedia.deweb,
,,audit@creativecommons.org,
,,legal@creativecommons.org,
,,cryptocurrencyposters@gmail.com,
,,privacy@ookla.com,
,,press@ookla.com,
,,dpo@ookla.com,
,,brand_licensing@ookla.com,
,,zdlegal1@ziffdavis.com,
,,legal@ziffdavis.com,
,,sherlockg@insidebitcoins.com,
,,support@coincentral.com,
,,partnerships@coincentral.com,
,,name@domain.com,
,,support@icmarkets.com,
,,info@robofx.com,
,,support@legacyfx.com,
,,info@robomarkets.com,
,,support@octafx.com,
,,support@fpmarkets.com,
,,support@tmgm.com,
,,info@fxcm.co.uk,
,,ukservice@xtb.co.uk,
,,support@forextime.com,
,,support@etoro.com,
,,support@fbs.com,
,,support@plus500.com,
,,nitaur669@gmail.com,
,,support@fxpro.com,
,,mazilkree937@gmail.com,
,,mewgigi59@gmail.com,
,,support@fondex.com,
,,ghorgas9@gmail.com,
,,support@trade360.com,
,,nabilhachlaf88@gmail.com,
,,support@fxopen.com,
,,yasir1980killer78@gmail.com,
,,fezragore84@gmail.com,
,,danielmarquezau@gmail.com,
,,gavranha@gmail.com,
,,andromantrius67@gmail.com,
,,support@ironfx.com,
,,aidennoah067@gmail.com,
,,mktsystems@notesco.com,
,,badrletsgoniggi1@gmail.com,
,,support@hotforex.com,
,,4dphuongdong@gmail.com,
,,melanie@lux-writes.com,
,,mert.yavas@sgveteris.com,
,,info@bluebaikal.com,
,,eduardo.matos@rdgaucha.com.br,
,,22eduardo.matos@rdgaucha.com.br,
,,support@pricemarkets.com,
,,support@goldenbrokers.net,
,,support@europefx.com,
,,support@bdswiss.com,
,,info@spreadex.com,
,,client@liteforex.com,
,,info@alpari-forex.com,
,,support@capital.com,
,,support@t1markets.com,
,,support@nordfx.com,
,,sales@tradestation-international.com,
,,info@vtmarket.com,
,,support@gulfbrokers.com,
,,info@emporiumcapital.com,
,,info@fxglory.com,
,,englishdesk@activtrades.com,
,,support@vantagefx.com,
,,customer.support@fortissio.com,
,,support@simplefx.com,
,,support@cityindex.co.uk,
,,support@iqoption.com,
,,support@xm.com,
,,support@fxgiants.co.uk,
,,support@hftrading.com.au,
,,support@axiory.com,
,,support@zeromarkets.com,
,,frontdesk@oanda.com,
,,admin@pfd-nz.com,
,,customerservice@nadex.com,
,,info@fxview.com,
,,support@tickmill.com,
,,support@skilling.com,
,,info@atfxgm.eu,
,,info@depaho.com,
,,clientmanagement@cmcmarkets.co.uk,
,,support@alpho.com,
,,support@101investing.com,
,,support@orbex.com,
,,support@acy.com,
,,cs@dbfxtrades.com,
,,support@fxvc.eu,
,,info@usgfx.co.uk,
,,info@libertex.com,
,,customerservice@eightcap.com,
,,info@paxforex.com,
,,privatesales@saxomarkets.com,
,,support@cmtrading.com,
,,info@forex.com,
,,support@etfinance.eu,
,,support@aafxtrading.com,
,,support@exness.com,
,,customersupport@markets.com,
,,support@2invest.com,
,,support@justforex.com,
,,support@tradeo.com,
,,enquiry@charterprime.com,
,,tradingdesk@worldmarkets.com,
,,support@squaredfinancial.com,
,,info@hycm.com,
,,cs@avatrade.com,
,,fx@swissquote.com,
,,customerservice@alvexo.com,
,,support@roinvesting.com,
,,customer.service@taotrade.com,
,,support@agea.com,
,,docs@oinvests.co.za,
,,global@admiralmarkets.com,
,,support@gomarkets.com,
,,support@dukascopy.com,
,,support@global.tradeatf.com,
,,support@exodus.io,
,,support@samouraiwallet.com,
,,info@jaxx.io,
,,info@edgesecure.co,
,,support@primebit.com,
,,hello@bitit.io,
,,support@binance.zendesk.com,
,,support@remitano.com,
,,support@cex.io,
,,support@stormgain.com,
,,support@currency.com,
,,help@lakebtc.com,
,,support@bitpanda.com,
,,orders@bitquick.co,
,,cs-help@upbit.com,
,,support@huobi.pro,
,,support@bitstamp.net,
,,support@wavesplatform.com,
,,general@independentreserve.com,
,,support@okcoin.com,
,,support@exmo.com,
,,support@bleutrade.com,
,,info@bitso.com,
,,kefu@coinegg.com,
,,support@coinhouse.io,
,,support@changelly.com,
,,info@rightbtc.com,
,,help@itbit.com,
,,support@coinsquare.io,
,,support@indacoin.com,
,,support@zb.com,
,,support@therocktrading.com,
,,press@vaultoro.com,
,,support@poloniex.com,
,,support@lykke.com,
,,support@exx.com,
,,support@bitmex.com,
,,support@kucoin.com,
,,info@fos.org.au,
,,support@coinmate.io,
,,contact2@bithumb.com,
,,support@bibox.zendesk.com,
,,soporte@bitinka.com,
,,support@mixcoins.com,
,,support@mail.gate.io,
,,support@btcc.com,
,,support@bitfinex.com,
,,support@livecoin.net,
,,service@bit-z.com,
,,service@lbank.info,
,,support@mercatox.com,
,,support@dsx.uk,
,,support@unocoin.com,
,,support@bittrex.com,
,,support@coinfloor.co.uk,
,,info@xcoins.io,
,,support@wallofcoins.com,
,,support@bitcoin.co.id,
,,info@korbit.co.kr,
,,aex.consultation@gmail.com,
,,support@bitbank.com,
,,support@quoine.com,
,,media@bitbay.net,
,,support@deribit.com,
,,support@abucoins.com,
,,contact@paymium.com,
,,info@fxempire.com,
,,din.grinshtein@fxempie.com,
,,ariel.young@fxempire.com,
,,eli@fxempire.com,
,,alex.amdor@fxempire.com,
,,u003einfo@fxempire.com,
,,fxempireeditorialboard@fxempire.com,
,,jitan.solanki@fxempire.com,
,,kateleaman@fxempire.com,
,,u003ejitan.solanki@fxempire.com,
,,u003ealex.amdor@fxempire.com,
,,u003ekateleaman@fxempire.com,
,,support@virwox.com,
,,legal@changelly.com,
,,u003elegal@changelly.com,
,,scameers@scamwatch.com,
,,hello@guarda.com,
,,contact@eqs.com,
,,helpdesk.en@ig.com,
,,marketingpartnership.info@ig.com,
,,support@finmaxfx.com,
,,support@fxtm.com,
,,backoffice@fxtm.com,
,,support@fxhours.com,
,,support@easymarkets.com,
,,cs@easymarkets.com,
,,advertising@stocktwits.com,
,,contact@forexmanagedaccounts-fxmac.com,
,,support@fxvm.net,
,,support@platinumtradingacademy.com,
,,clientservices@platinumtradingacademy.com,
,,api-services-support@amazon.com,
,,support@instaforex.eu,
,,support@alpari.com,
,,u003esupport@alpari.com,
,,info@alpari.com,
,,u003einfo@alpari.com,
,,payments@alpari.com,
,,u003epayments@alpari.com,
,,joe@bloggs.com,
,,info@gtranslate.net,
,,ndx_7_24hrs@1x.svg,
,,ndx_7_risk@1x.svg,
,,ndx_7_hot@1x.svg,
,,ndx_secondary_logo@1x.svg,
,,vidal@dojiventure.com,
,,support@cryptowild.com,
,,support@fortunejack.com,
,,support@burancasino.com,
,,support@mbitcasino.com,
,,info@1xbet-team.com,
,,support@casinomax.com,
,,security@1x-bit.com,
,,support-en@1x-bit.com,
,,support@roaring21.com,
,,support@betchain.com,
,,support@kingbitcasino.com,
,,support@goldencrown.com,
,,support@melbet.org,
,,info@melbet.org,
,,support@zetcasino.com,
,,support@hd.montecryptos.com,
,,email_example@gmail.com,
,,support@7bitcasino.com,
,,email_beispiel@gmail.com,
,,cs@bitcasino.io,
,,support@bspin.io,
,,support@bitstarz.com,
,,support@cloudbet.com,
,,support@konungcasino.com,
,,support@nitrogensports.eu,
,,support@trueflip.io,
,,support@wolf.bet,
,,support@superiorcasino.com,
,,support@ilucki.com,
,,support@rain.bh,
,,mike@plan99.net,
,,support@glbse.com,
,,author@some.addre,
,,username@example.com,
,,admin@thehackernews.com,
,,example@mail.com,
,,beenboy158@gmail.com,
,,beenboy1993@gmail.com,
,,info@ecex.excha,
,,support@nordvpn.com,
,,otc@bitfinex.com,
,,u003eotc@bitfinex.com,
,,bill@bitfinex.com,
,,u003ebill@bitfinex.com,
,,compliance@bitfinex.com,
,,mail@example.tld,
,,cassie@btcmedia.org,
,,helpdesk@athenainvestorservices.com,
,,info@wordpress-404107-1272139.cloudwaysapps.com,
,,bd9df81d859641f39ce626ce2a2cc90d@sentry.io,
,,support@diziana.com,
,,brand_licensing@ziffdavis.com,
,,ads@zerohedge.com,
,,tips@zerohedge.com,
,,info@zerohedge.com,
,,legal@zerohedge.com,
,,abuse@zerohedge.com,
,,fitz@techcrunch.com,
,,veronika.rinecker@cointelegraph.com,
,,japan@cointelegraph.com,
,,jobs@cointelegraph.com,
,,u003eomer@cointelegraph.com,
,,u003ejobs@cointelegraph.com,
,,magazine@cointelegraph.com,
,,u003emagazine@cointelegraph.com,
,,events@cointelegraph.com,
,,linh@hackernoon.com,
,,utsav@hackernoon.com,
,,eigcjbaecdgcjice@ebmail4.com,
,,contact@startengine.com,
,,michael@devspotlight.com,
,,michael.bogan@gmail.com,
,,partners@hackernoon.com,
,,scbhadane@gmail.com,
,,community@hackernoon.com,
,,editors@hackernoon.com,
,,dane@hanckernoon.com,
,,dane@v1labs.com,
,,u003epartners@hackernoon.com,
,,u003eeditors@hackernoon.com,
,,medlab@colorado.edu,
,,natasha@hackernoon.com,
,,u003enatasha@hackernoon.com,
,,fahrikarakas@gmail.com,
,,stories@hackernoon.com,
,,u003esupport@hackernoon.com,
,,tpvcxc2vbaxglgrp0np8ig@2x.jpeg,
,,xxx@xxx.com,
,,git@github.com,
,,u003eamber@gmkcommunications.com,
,,themenyouwanttobe@gmail.com,
,,u003ethemenyouwanttobe@gmail.com,
,,adrian.zmudzinski@cointelegraph.com,
,,editor@cointelegraph.com,
,,zack.whittaker@techcrunch.com,
,,sponsors@techcrunch.com,
,,carloc@cointelegraph.com,
,,support@blockfolio.com,
,,support@coinstats.app,
,,support@evercoin.com,
,,support@hodlfinance.com,
,,jake.dearlove@gmail.com,
,,info@cointelligence.com,
,,security@reddit.com,
,,copyright@reddit.com,
,,redditdatarequests@reddit.com,
,,legal@reddit.com,
,,eurepresentative@reddit.com,
,,support@changenow.io,
,,support@coinswitch.co,
,,support@swapzone.io,
,,support@fox.excha,
,,support@stealthex.io,
,,support@godex.io,
,,info@fixedfloat.com,
,,support@changeangel.io,
,,support@exolix.com,
,,desktop-hero-screenshot@1x.en.webp,
,,desktop-hero-screenshot@2x.en.webp,
,,desktop-hero-screenshot@3x.en.webp,
,,mobile-hero-screenshot@1x.webp,
,,mobile-hero-screenshot@2x.webp,
,,mobile-hero-screenshot@3x.webp,
,,promovideo-speed@1x.webp,
,,promovideo-speed@2x.webp,
,,promovideo-speed@3x.webp,
,,feature-people-circles@1x.webp,
,,feature-people-circles@2x.webp,
,,feature-people-circles@3x.webp,
,,logo_wired@1x.webp,
,,logo_wired@2x.webp,
,,logo_wired@3x.webp,
,,logo_cnet@1x.webp,
,,logo_cnet@2x.webp,
,,logo_cnet@3x.webp,
,,theverge@1x.webp,
,,theverge@2x.webp,
,,theverge@3x.webp,
,,adsales@brave.com,
,,bizdev@brave.com,
,,press@brave.com,
,,hughes@soda.berkeley.edu,
,,podcasts@btcmedia.org,
,,support@myetherwallet.com,
,,sales@canaan.io,
,,sales@microbt.com,
,,support@microbt.com,
,,bcgcomplain@microbt.com,
,,sales@innosilicon.com.cn,
,,ebit@ebang.com.cn,
,,info@microbt.compa,
,,webmaster@cryptoyeti.com,
,,chenowith52@gmail.com,
,,test@test.com,
,,test@gmail.com,
,,test@mail.com,
,,ron@bitcoin.org.il,
,,support@trustwallet.com,
,,hello@coingecko.com,
,,bitnodes.io@gmail.com,
,,partners@ripple.com,
,,support@ripple.com,
,,ritaliao@pm.me,
,,8e5af4bb659a45da99e98cdca89f490e@report.binance.gg,
,,support-checkout@koinal.io,
,,support@simplex.com,
,,support@binance.com,
,,support@advcash.com,
,,help@paxos.com,
,,support@trusttoken.com,
,,80f406928b614315ab8290eb727a6c98@report.binance.gg,
,,zack.whittaker@protonmail.com,
,,cloud@binance.com,
,,access@binance.com,
,,gleb@binance.com,
,,ivan.paskar@binance.com,
,,eduard.yamilov@binance.com,
,,russia@binance.com,
,,50f97a9d7b9a49688fb52ef1b5d819fc@report.binance.gg,
,,19e2f348960d461b9dea6dd3fb111af7@report.binance.gg,
,,4afd0aa999ad4fe1a3d59764e7b9a6da@report.binance.gg,
,,business@binance.com,
,,support@banxa.com,
,,support@binancelite.com,
,,support@latamex.com,
,,support@satang.com,
,,pr@binance.com,
,,help@trusttoken.com,
,,debcd477d91241d0a8701e3cc8b95909@report.binance.gg,
,,aa47942dbe2f4a10af236c4caf68f532@report.binance.gg,
,,tradedesk1@binance.com,
,,privacy@swipe.io,
,,9d031a9164614baba023e650164b6cf6@report.binance.gg,
,,listing@binance.com,
,,product@binance.com,
,,market@binance.com,
,,u003ecloud@binance.com,
,,866e6c373ddc4a5caa126971cd460f66@report.binance.gg,
,,vip@binance.com,
,,busd@binance.com,
,,4d26049e3578497dae1785895cffac63@report.binance.gg,
,,briancohen@cointelegraph.com,
,,robert@broofa.com,
,,support@99bitcoins.zendesk.com,
,,4chanpass@4chan.org,
,,user@domain.com,
,,sales@autocoincars.com,
,,support@99bitcoins.com,
,,data@99bitcoins.com,
,,ac@coinbtm.com,
,,support@coinbtm.com,
,,help@mybtc.ca,
,,support@buyabitcoin.com.au,
,,glufadeju@unicef.org,
,,letters@time.com,
,,feedback@time.com,
,,wmprivacy@warnermediagroup.com,
,,gypark@heraldcorp.com,
,,gavinandresen@gmail.com,
,,bitcoin-development@lists.sourceforge.net,
,,jonnelle.marte@washpost.com,
,,readers@washpost.com,
,,team@onbitcoin.com,
,,notifications@ofbiz.apache.org,
,,centos-build-reports@centos.org,
,,freebsd-pkg-fallout@freebsd.org,
,,reviews@spark.apache.org,
,,ubuntu-bugs@lists.ubuntu.com,
,,debian-bugs-dist@lists.debian.org,
,,django-updates@googlegroups.com,
,,libreoffice-bugs@lists.freedesktop.org,
,,commits@ambari.apache.org,
,,kde-bugs-dist@kde.org,
,,5588e3adb3e545248e893d6f2fc41ba2@wwwb-sentry.us.archive.org,
,,info@archive.org,
,,admin@tunnelguru.com,
,,mailbox@bwnet.com.tw,
,,support@c-rayon.com,
,,iosapp@apkpure.com,
,,press@vk.com,
,,messengerd@hotmail.com,
,,offline79zt@gmail.com,
,,tik924272@gmail.com,
,,t_@m.hs,
,,premium@wattpad.com,
,,l@l.nu,
,,john.doe@example.com,
,,nom1234@exemple.com,
,,a@h.fp,
,,feedback@51ias.com,
,,fbgloud@gmail.com,
,,om,
,,a@h.fp,
,,feedback@51ias.com,
,,fbgloud@gmail.com,
,,info@cryptoticker.io,
